title,company,location,link
"Software Developer II - Full Stack Java Developer - node.js, vue.js, Java",Lumen,"Town and Country, MO",https://stackoverflow.com/jobs/497616
"Full Stack Software Developer - Python, MySQL, VueJS",Tails.com,"Richmond, UK",https://stackoverflow.com/jobs/487607
Software Engineer Vue.js,Harlem Next,"Haarlem, Netherlands",https://stackoverflow.com/jobs/427253
Senior Frontend Engineer (Vue.js),Mimacom,"Barcelona, Spain",https://stackoverflow.com/jobs/516890
Lead Vue.js / PHP developer,HUBX,No office location,https://stackoverflow.com/jobs/397027
Lead Front-end Engineer - REMOTE - VUE.JS,Launch Potato,"Delray Beach, FL",https://stackoverflow.com/jobs/490271
"Lead Engineer - Python, MySQL, VueJS",Tails.com,"Richmond, UK",https://stackoverflow.com/jobs/391983
Senior Frontend Engineer (Vue.js),Financial Technology Partners,"San Francisco, CA",https://stackoverflow.com/jobs/446919
"Front-End Developer (HTML, CSS, Vue.js, Animation)",Limesharp,No office location,https://stackoverflow.com/jobs/132347
Webdeveloper for Backend (NodeJS) and Frontend (Vue) (m/f),RINGANA GmbH,"Wien, Österreich",https://stackoverflow.com/jobs/421723
Senior Full-Stack Engineer (Vue/Node),Wisely,No office location,https://stackoverflow.com/jobs/405895
Laravel and Vue.js Developer - MailerSend,The Remote Company,No office location,https://stackoverflow.com/jobs/447895
Javascript Developer (Vue.js / Node.js),Lucky Orange LLC,"Overland Park, KS",https://stackoverflow.com/jobs/374387
"Front-End Developer (Vue.js, Typescript, SPA)",TextMagic,"Novosibirsk, Russia",https://stackoverflow.com/jobs/516955
Frontenddeveloper with vue.js / Experienced with TDD and Docker,roadsurfer GmbH,"München, Deutschland",https://stackoverflow.com/jobs/504968
Senior Full-Stack Web Developer (Vue & Node),Nanome Inc,No office location,https://stackoverflow.com/jobs/511761
"Frontend Developer / Engineer (Vue, Vuetify, Tailwind CSS, Shopify)",Opinew,No office location,https://stackoverflow.com/jobs/514643
Senior full stack developer (Azure/.NET core/VueJs/Typescript),33reasons,No office location,https://stackoverflow.com/jobs/453423
Experienced Laravel and VueJS developer,Curotec,No office location,https://stackoverflow.com/jobs/516149
Shopify Developer with React and/or Vue (Remote),X-Team,No office location,https://stackoverflow.com/jobs/491625
Laravel and Vue.js Developer - Ycode,The Remote Company,No office location,https://stackoverflow.com/jobs/493250
Senior Frontend Developer (m/f/d) Vue,Laserhub GmbH,"Stuttgart, Deutschland",https://stackoverflow.com/jobs/513294
VueJS Frontend Dev (remote friendly),Cycloid,"Paris, France",https://stackoverflow.com/jobs/457234
Senior Full Stack Laravel & Vue.js,Worksome ApS,"København, Denmark",https://stackoverflow.com/jobs/503422
"Senior Software Engineer - Angular, React, Vue, etc. (online comparison portal)",Verivox GmbH,"Heidelberg, Germany",https://stackoverflow.com/jobs/485038
Data Engineer - Python,Sytac IT Consulting,"Amsterdam, Netherlands",https://stackoverflow.com/jobs/477308
Fullstack Developer Laravel / Vue,AirLST GmbH,"München, Deutschland",https://stackoverflow.com/jobs/261736
Front-end Software Engineer (Any Stack --> Vue),Kaizen Gaming (Stoiximan/Betano),"Athens, Greece",https://stackoverflow.com/jobs/497598
Senior Full Stack Laravel & Vue.js,Worksome ApS,"København, Denmark",https://stackoverflow.com/jobs/503422
Front End Team Lead (Vue.js/JavaScript) (Remote EU),X-Team,No office location,https://stackoverflow.com/jobs/515494
Front-end Developer Vuejs,CareSend,No office location,https://stackoverflow.com/jobs/499953
.NET & Vue.js Developer,"Springbit, Inc.","Alpharetta, GA",https://stackoverflow.com/jobs/497815
"Full Stack Engineer: Vue.js, Node.js, learn mobile apps | start-up fitness app",ProjekttviaTechfolk Ltd,"Bristol, UK",https://stackoverflow.com/jobs/513748
"Magento Developer (GraphQL, VueJS, Laravel) Office or Remote",Limesharp,"Auckland, New Zealand",https://stackoverflow.com/jobs/462636
Web-Entwickler/in Vue.js (w/m/d),Synergeticon GmbH,"Hamburg, Deutschland",https://stackoverflow.com/jobs/487622
"Front End Developer: Angular (can cross train from React, Vue, Ember etc.)",employer represented by techfolkviaTechfolk Ltd,"Bristol, UK",https://stackoverflow.com/jobs/200440
Frontend Software Engineer,Practichem,No office location,https://stackoverflow.com/jobs/513980
"Backend Developer PHP (m/w/d) in Leipzig, Halle (Saale) oder Dresden",Relaxdays GmbH,"Leipzig, Deutschland",https://stackoverflow.com/jobs/433896
Backend Software Engineer,Practichem,No office location,https://stackoverflow.com/jobs/516561
Développeur Fullstack JAVA / Javascript (H/F),La Combe du Lion Vert,"Paris, France",https://stackoverflow.com/jobs/504197
Développeur Crafteur JAVA (H/F),La Combe du Lion Vert,"Paris, France",https://stackoverflow.com/jobs/499582
Frontend Developer,AirLST GmbH,"München, Deutschland",https://stackoverflow.com/jobs/304709
"Backend Developer C# (w/m/d) in Leipzig, Halle (Saale) oder Dresden",Relaxdays GmbH,"Leipzig, Deutschland",https://stackoverflow.com/jobs/433895
"Frontend Developer (m/w/d) in Leipzig, Halle (Saale) oder Dresden",Relaxdays GmbH,"Leipzig, Deutschland",https://stackoverflow.com/jobs/433898
Salesforce Apex Developer,LeadIQ,Singapore,https://stackoverflow.com/jobs/422622
Project Manager,LeadIQ,Singapore,https://stackoverflow.com/jobs/422625
QA Automation Engineer (mobile),Modus Create,No office location,https://stackoverflow.com/jobs/516348
Senior Haskell and PureScript Developer,e-bot7 GmbH,"München, Germany",https://stackoverflow.com/jobs/514601
Frontend Entwickler (m/w/d),Computer FuturesviaComputer Futures Solutions GmbH,"Munich, Germany",https://stackoverflow.com/jobs/506799
Product Manager,e-bot7 GmbH,"München, Germany",https://stackoverflow.com/jobs/514603
Full-Stack Web Developer Java,WPS Management GmbH,"Paderborn, Deutschland",https://stackoverflow.com/jobs/125395
Technical Lead,e-bot7 GmbH,"München, Germany",https://stackoverflow.com/jobs/514605
Javascript WebRTC Developer,Roll20,"Seattle, WA",https://stackoverflow.com/jobs/517546
Front-end Developer,WHQ,"Chicago, IL",https://stackoverflow.com/jobs/506440
Senior Front-end Engineer – Amazon Web Services Design System,Amazon Web Services,"Berlin, Germany",https://stackoverflow.com/jobs/513647
Front End Engineer,Amazon Web Services,"New York, NY",https://stackoverflow.com/jobs/499873
Engineering Manager,Brosa Design,"Melbourne, Australia",https://stackoverflow.com/jobs/509904
FullStack WebDeveloper,Centogene GmbH,"Beograd, Serbia",https://stackoverflow.com/jobs/515860
Senior Front-End Developer (m/f/d) - for legal tech startup in Munich,DataGuard,"München, Deutschland",https://stackoverflow.com/jobs/281206
Senior Front-End Developer (m/f/d) - for legal tech startup in Berlin,DataGuard,"Berlin, Deutschland",https://stackoverflow.com/jobs/463805
Software Engineer,Lofty,No office location,https://stackoverflow.com/jobs/517129
Full Stack Javascript Software Engineer,SDVI,No office location,https://stackoverflow.com/jobs/254207
Software Engineer,Lofty,No office location,https://stackoverflow.com/jobs/517131
Frontend Developer,RBW ConsultingviaRBW Consulting,"Reigate, UK",https://stackoverflow.com/jobs/514441
"Frontend Software Engineer. Evangelist. Enthusiast (Java Script, HTML5) (m/f/x)",financial.com AG,"München, Deutschland",https://stackoverflow.com/jobs/285784
Front-end Developer for Soho Digital Agency,Tui Media,"London, UK",https://stackoverflow.com/jobs/484647
Frontend Software Engineer,MindDoc Health GmbH,"München, Germany",https://stackoverflow.com/jobs/430334
"Full-stack 3D Devs C++ Senior Engineers (Javascript, WebGL, UE4, Vulkan, ...)",4D Pipeline,No office location,https://stackoverflow.com/jobs/499619
Full Stack Developer,Pensionera Förmedling i Sverige AB,"Stockholm, Sweden",https://stackoverflow.com/jobs/501504
Frontend Engineer,Alice,"São Paulo, Brazil",https://stackoverflow.com/jobs/515971
PHP Entwickler (Backend oder Full Stack)(m/w/d),WunschGutschein,"Düsseldorf, Deutschland",https://stackoverflow.com/jobs/365530
Full-stack Javascript Developer (React.js/Node.js),Imaginary Cloud,"Lisbon, Portugal",https://stackoverflow.com/jobs/508356
Full Stack Developer,Nurole Ltd,"London, UK",https://stackoverflow.com/jobs/331256
REMOTE - (Senior) Frontend Engineer (f/m/d),real.digital,"Köln, Deutschland",https://stackoverflow.com/jobs/501205
Javascript Web-App-Entwickler (m/w/d),OC Development GmbH,"Prien am Chiemsee, Deutschland",https://stackoverflow.com/jobs/512051
Full Stack Developer,Nurole Ltd,"London, UK",https://stackoverflow.com/jobs/331256
Web Frontend Developer with an eye for professional user experience (m/f/d),Ergosign,"Saarbrücken, Deutschland",https://stackoverflow.com/jobs/456766
Lead Front-End Developer,UPowr Pty Ltd,"Sydney, Australia",https://stackoverflow.com/jobs/501472
PHP Entwickler (Backend oder Full Stack)(m/w/d),WunschGutschein,"Düsseldorf, Deutschland",https://stackoverflow.com/jobs/365530
Frontend Entwickler (w/m/d),brandung GmbH & Co. KG,"Köln, Deutschland",https://stackoverflow.com/jobs/252522
Full Stack Developer,Pensionera Förmedling i Sverige AB,"Stockholm, Sweden",https://stackoverflow.com/jobs/501504
Senior Backend JS Engineer (Remote),X-Team,No office location,https://stackoverflow.com/jobs/489602
Senior Full-Stack Django/Python Developer,"Share Edge, LLC","Manhattan Beach, CA",https://stackoverflow.com/jobs/501234
Software Engineer,UpMetrics,No office location,https://stackoverflow.com/jobs/496289
Front-end Engineer【Full-Remote work in Japan】,PayPay Corporation.,"Minato City, Japan",https://stackoverflow.com/jobs/292635
Backend Developer for Smart City Sensors (m/f/d),smartmicro,"Braunschweig, Deutschland",https://stackoverflow.com/jobs/507627
Frontend Web Developer (m/w/d),EyeC GmbH,"Hamburg, Deutschland",https://stackoverflow.com/jobs/408135
Frontend Engineer,Alice,"São Paulo, Brazil",https://stackoverflow.com/jobs/515971
Senior Full-Stack Engineer,Stable Kernel,"Atlanta, GA",https://stackoverflow.com/jobs/505670
(Senior) Full Stack Developer Fokus JavaScript (m/w/d) - Remote/deutschlandweit,IUBH Internationale Hochschule GmbH,No office location,https://stackoverflow.com/jobs/505619
Frontend Engineer,LiveSchool Inc.,No office location,https://stackoverflow.com/jobs/517128
DevOps Engineer,Youtility Solar,"Woods Cross, UT",https://stackoverflow.com/jobs/409581
Fullstack Web Developer,Smart Energy Lab,"Lisbon, Portugal",https://stackoverflow.com/jobs/465125
Senior Go Engineer at Openly - Insurtech,Openly,No office location,https://stackoverflow.com/jobs/500599
Senior Front-end Engineer,MedExpress Enterprises Ltd,"London, UK",https://stackoverflow.com/jobs/438811
Web UI Developer at Bosch IoT Start-up,Security and Safety Things GmbH (A Bosch IoT Start-Up),"Eindhoven, Netherlands",https://stackoverflow.com/jobs/512614
Full Stack Javascript Developer (m/w/d),Klassik Radio AG,"Augsburg, Deutschland",https://stackoverflow.com/jobs/474719
Senior/Lead Software Engineer,CV Partner,"London, UK",https://stackoverflow.com/jobs/471140
Mid-Senior Software Engineer ~ Big Data Solutions,Lean Media,"Chesterfield, MO",https://stackoverflow.com/jobs/271865
Full Stack Software Engineer,Captivation Software,"Fort Meade, MD",https://stackoverflow.com/jobs/449508
Senior Software Engineer (React/Java),Pinnacle 21,"Blue Bell, PA",https://stackoverflow.com/jobs/262299
Full Stack Senior/Mid-Level Software Engineer,Legna Software,"Winston-Salem, NC",https://stackoverflow.com/jobs/482933
Frontend Engineer - Working Student (m/f/d),Motius GmbH,"München, Deutschland",https://stackoverflow.com/jobs/456519
Full Stack Web Developer (m/w/d),EyeC GmbH,"Hamburg, Deutschland",https://stackoverflow.com/jobs/408137
Senior Frontend Developer,Quant,"London, UK",https://stackoverflow.com/jobs/517291
Front-End Web Developer (all genders) Full-/Part-time,Accenture DACH,"Frankfurt, Germany",https://stackoverflow.com/jobs/391299
Frontend Engineer,proton.ai,No office location,https://stackoverflow.com/jobs/514653
"Developer, Clean Code Evangelist – Java (m/f/d)",ProSiebenSat.1 Media SE,"München, Deutschland",https://stackoverflow.com/jobs/506408
Frontend Software Engineer,"Genetesis, Inc.","Cincinnati, OH",https://stackoverflow.com/jobs/503551
Staff Software Engineer (Front End) - Level 4,Addison Group,No office location,https://stackoverflow.com/jobs/517396
Frontend Engineer,ActiveProspect,"Austin, TX",https://stackoverflow.com/jobs/496599
PHP Developer for BLOX CMS,TownNews,"East Moline, IL",https://stackoverflow.com/jobs/431681
Senior Java Developer who wants to make a difference!,O'Reilly Auto Parts,No office location,https://stackoverflow.com/jobs/514476
Senior Node.Js Developer,Imaginary Cloud,"Lisbon, Portugal",https://stackoverflow.com/jobs/514071
Experienced Ruby Developer,SimplePay,No office location,https://stackoverflow.com/jobs/516780
Full Stack Softwareentwickler Javascript/React (m/w/d),HELM-Software,"Ladenburg, Deutschland",https://stackoverflow.com/jobs/507612
Front End Developer (f/m/d),Receeve GmbH,"Hamburg, Deutschland",https://stackoverflow.com/jobs/505603
Front End Developer Who Loves Big Data (Mid to Senior),Varen Technologies,"Columbia, MD",https://stackoverflow.com/jobs/508681
Digital-Senior Software/Lead Engineer-System Infra,FactSet,"Hyderabad, India",https://stackoverflow.com/jobs/461321
Fintech - Frontend Developer (m/w/d),Lowell Financial Services GmbH,"Berlin, Deutschland",https://stackoverflow.com/jobs/485486
Java Entwickler (m/w/d),MT AG - enabling the adaptive enterprise,"Ratingen, Deutschland",https://stackoverflow.com/jobs/338095
Principal Software Engineer (Node + TypeScript),"Unanet, Inc.",No office location,https://stackoverflow.com/jobs/505659
Frontend Developer (LATAM REMOTE),Arative Technologies,No office location,https://stackoverflow.com/jobs/512369
Senior Backend JS Engineer (Remote),X-Team,No office location,https://stackoverflow.com/jobs/489602
Full-Stack WordPress/Laravel Developer,Elegant Themes,"San Francisco, CA",https://stackoverflow.com/jobs/506434
Experienced Fullstack PHP/Symfony Developer,roadsurfer GmbH,"München, Deutschland",https://stackoverflow.com/jobs/497587
Full Stack Senior/Mid-Level Software Engineer,Legna Software,"Winston-Salem, NC",https://stackoverflow.com/jobs/482933
Fintech - Frontend Developer (m/w/d),Lowell Financial Services GmbH,"Berlin, Deutschland",https://stackoverflow.com/jobs/485486
Java Entwickler (m/w/d),MT AG - enabling the adaptive enterprise,"Ratingen, Deutschland",https://stackoverflow.com/jobs/338095
Principal Software Engineer (Node + TypeScript),"Unanet, Inc.",No office location,https://stackoverflow.com/jobs/505659
Frontend Engineer,proton.ai,No office location,https://stackoverflow.com/jobs/514653
"Senior Software Engineer, Web",Duolingo Inc,"New York, NY",https://stackoverflow.com/jobs/486007
Frontend Developer (LATAM REMOTE),Arative Technologies,No office location,https://stackoverflow.com/jobs/512369
Full-Stack WordPress/Laravel Developer,Elegant Themes,"San Francisco, CA",https://stackoverflow.com/jobs/506434
Software Engineer – Java (m/f/d),ProSiebenSat.1 Media SE,"München, Deutschland",https://stackoverflow.com/jobs/506407
Open Source Software Engineer,"ProgressiveviaProgressive, ein Geschäftszweig der SThree GmbH",No office location,https://stackoverflow.com/jobs/504205
Software Engineer (Backend),Fei Siong Food Management Pte. Ltd.,Singapore,https://stackoverflow.com/jobs/512398
"Senior Software Engineer, Frontend",PreVeil,"Boston, MA",https://stackoverflow.com/jobs/481729
Full stack developer,Online Partner AB,"Hägersten, Sweden",https://stackoverflow.com/jobs/339146
Senior Full Stack Developer,Dash HudsonviaAlongside,"Halifax, NS, Canada",https://stackoverflow.com/jobs/515562
Software Engineer,Intruder,"London, UK",https://stackoverflow.com/jobs/492581
UI Developer (m/w/d),GastroHero GmbH,"Holzwickede, Deutschland",https://stackoverflow.com/jobs/514315
Full Stack Developer (m/w/d),MDM Münzhandelsgesellschaft mbH & Co. KG,"Braunschweig, Deutschland",https://stackoverflow.com/jobs/515463
Senior Ruby on Rails Developer,springbig inc.,"Boca Raton, FL",https://stackoverflow.com/jobs/278282
Front-End Developper - Permanent / Full time,Steeple,"Rennes, France",https://stackoverflow.com/jobs/512223
Frontend Developer (w/*/m),queo GmbH,"Dresden, Deutschland",https://stackoverflow.com/jobs/482918
Front-End Developer,Imaginary Cloud,"Lisbon, Portugal",https://stackoverflow.com/jobs/508939
Senior Frontend Developer (f/m/x),Parkside,"Graz, Österreich",https://stackoverflow.com/jobs/466270
Front End Software Engineer,Buxton,No office location,https://stackoverflow.com/jobs/492568
Senior Full Stack Engineer,Addison Group,No office location,https://stackoverflow.com/jobs/498138
Fullstack Engineer (Fokus Node.js) (m/w/d),Axel Springer National Media & Tech,"Berlin, Deutschland",https://stackoverflow.com/jobs/510384
"Tech Lead, Web Development - Biotech startup helping dogs!",Embark Veterinary Inc.,"Boston, MA",https://stackoverflow.com/jobs/510445
Senior Full Stack Developer (f/m/x),Parkside,"Graz, Österreich",https://stackoverflow.com/jobs/448298
Java Engineer at Bosch IoT Start-up,Security and Safety Things GmbH (A Bosch IoT Start-Up),"München, Germany",https://stackoverflow.com/jobs/505592
Fullstack Entwickler (m/w/d) C#,Meierhofer AG,"Leipzig, Deutschland",https://stackoverflow.com/jobs/497038
Senior Frontend Engineer Storefront Experience-R9370),"Chewy, Inc.","Boston, MA",https://stackoverflow.com/jobs/516910
Full Stack Web Developer,Bloomreach,"Amsterdam, Netherlands",https://stackoverflow.com/jobs/487279
Frontend Developer (m/f/d),WPS Management GmbH,"Paderborn, Deutschland",https://stackoverflow.com/jobs/293572
Front-end developer (m/f/d),ValueWorks GmbH,No office location,https://stackoverflow.com/jobs/517298
Senior Software Engineer (Node),"Jack Henry & Associates, Inc.®",No office location,https://stackoverflow.com/jobs/471201
Open Source Software Engineer,"ProgressiveviaProgressive, ein Geschäftszweig der SThree GmbH",No office location,https://stackoverflow.com/jobs/504205
Principal Software Engineer (Node + TypeScript),"Unanet, Inc.",No office location,https://stackoverflow.com/jobs/505659
Full-Stack Developer,FlexEarn,"London, UK",https://stackoverflow.com/jobs/485775
Full Stack Software Engineer - Mobile Healthcare,Medsphere,No office location,https://stackoverflow.com/jobs/406291
Webentwickler (m/w/d),MDM Münzhandelsgesellschaft mbH & Co. KG,"Braunschweig, Deutschland",https://stackoverflow.com/jobs/515464
Software Engineer,Intruder,"London, UK",https://stackoverflow.com/jobs/492581
Back-End Developer - Node.js OR Python,Imaginary Cloud,"Lisbon, Portugal",https://stackoverflow.com/jobs/513570
Java Fullstack Entwickler (m/w/d),"Progressive IT RecruitmentviaProgressive, ein Geschäftszweig der SThree GmbH","Hamburg, Germany",https://stackoverflow.com/jobs/513397
Senior Web Developer,KPS3,"Reno, NV",https://stackoverflow.com/jobs/508345
Senior Full Stack Engineer,Addison Group,No office location,https://stackoverflow.com/jobs/498138
"Software Engineer (Remote Only, US)",Osso VR,No office location,https://stackoverflow.com/jobs/462304
"Senior Frontend Software Engineer -- East Bay, Austin, U.S. Remote",Underline,No office location,https://stackoverflow.com/jobs/423274
Backend Engineer - Working Student (m/f/d),Motius GmbH,"München, Deutschland",https://stackoverflow.com/jobs/456520
Frontend Developer,Frequenz Energy-as-a-Service GmbH,"Berlin, Germany",https://stackoverflow.com/jobs/492897
Frontend Web Developer,Skillhouse Staffing Solutions,"Tokyo, Japan",https://stackoverflow.com/jobs/470540
Senior Software Developer/Tech Lead -Innovation team,"JPMorgan Chase Bank, N.A.","Herzliya, Israel",https://stackoverflow.com/jobs/517213
Full Stack Engineer,"WorkLLama, LLC","Alpharetta, GA",https://stackoverflow.com/jobs/489630
PHP Developer (w/*/m),queo GmbH,"Dresden, Deutschland",https://stackoverflow.com/jobs/399160
Java Fullstack Entwickler (m/w/d),"Progressive IT RecruitmentviaProgressive, ein Geschäftszweig der SThree GmbH","Hamburg, Germany",https://stackoverflow.com/jobs/513397
Senior Full Stack Developer,Creative Mines,"Hancock, MI",https://stackoverflow.com/jobs/500245
(Senior) Frontend Software Engineer (m/f/d),Charles GmbH,"Berlin, Germany",https://stackoverflow.com/jobs/499379
Full Stack Developer,AIR MILES,"Toronto, ON, Canada",https://stackoverflow.com/jobs/500279
Software Engineer,"PWNHealth, LLC","New York, NY",https://stackoverflow.com/jobs/500265
Full Stack Developer,Science Suite Inc. (BioRender),"Toronto, ON, Canada",https://stackoverflow.com/jobs/482084
Frontend-Developer (m/f/d),TOPdesk,"Kaiserslautern, Deutschland",https://stackoverflow.com/jobs/465950
E-Commerce Software-Entwickler Full-Stack (M/W/D),POET GmbH,"Karlsruhe, Deutschland",https://stackoverflow.com/jobs/417417
Software Engineer (Rails & more) - f/m/d,PlaytestCloud,"Berlin, Germany",https://stackoverflow.com/jobs/510868
Senior Full Stack Developer (f/m/x),Parkside,"Graz, Österreich",https://stackoverflow.com/jobs/448298
"Senior Software Engineer, UI - Pet Health-R8094","Chewy, Inc.","Dania Beach, FL",https://stackoverflow.com/jobs/513974
"Senior Software Engineer, Web",Duolingo Inc,"New York, NY",https://stackoverflow.com/jobs/486007
Software Engineer – Cloud Solutions,Emerson Sweden,"Mölnlycke, Sweden",https://stackoverflow.com/jobs/513287
Fullstack Entwickler (m/w/d) C#,Meierhofer AG,"Leipzig, Deutschland",https://stackoverflow.com/jobs/497038
Front-End Team Leader,Applancer JSCviaTopDev,"Tân Bình, Vietnam",https://stackoverflow.com/jobs/512403
Senior Software Engineer (Node),"Jack Henry & Associates, Inc.®",No office location,https://stackoverflow.com/jobs/471201
Senior Frontend Engineer (React + Typescript),Bigblue,"Paris, France",https://stackoverflow.com/jobs/505291
Senior Frontend Engineer (m|w|x) - Product Discovery,idealo internet GmbH,"Berlin, Deutschland",https://stackoverflow.com/jobs/462517
Front-end developer to make digital solutions for social challenges,Innovattic,"Delft, Netherlands",https://stackoverflow.com/jobs/130453
Software Engineer – Java (m/f/d),ProSiebenSat.1 Media SE,"München, Deutschland",https://stackoverflow.com/jobs/506407
Lead Development Engineer,Mastercard,"Tel Aviv-Yafo, Israel",https://stackoverflow.com/jobs/465579
Front-end developer (m/f/d),ValueWorks GmbH,No office location,https://stackoverflow.com/jobs/517298
DevSecOps Engineer,BrainGu,"Fayetteville, NC",https://stackoverflow.com/jobs/423179
Senior Frontend Engineer (m|w|x) - Product Discovery,idealo internet GmbH,"Berlin, Deutschland",https://stackoverflow.com/jobs/462517
Front-end developer to make digital solutions for social challenges,Innovattic,"Delft, Netherlands",https://stackoverflow.com/jobs/130453
Software Engineer – Java (m/f/d),ProSiebenSat.1 Media SE,"München, Deutschland",https://stackoverflow.com/jobs/506407
Lead Development Engineer,Mastercard,"Tel Aviv-Yafo, Israel",https://stackoverflow.com/jobs/465579
Front-end developer (m/f/d),ValueWorks GmbH,No office location,https://stackoverflow.com/jobs/517298
Full Stack Developer,OpsTalent,"Wrocław, Poland",https://stackoverflow.com/jobs/463551
Senior Frontend Developer,Graph Aware Limited,No office location,https://stackoverflow.com/jobs/505282
Senior Software Engineer,Intruder,"London, UK",https://stackoverflow.com/jobs/492580
Full Stack Software Engineer - Mobile Healthcare,Medsphere,No office location,https://stackoverflow.com/jobs/406291
Back-End Developer - Node.js OR Python,Imaginary Cloud,"Lisbon, Portugal",https://stackoverflow.com/jobs/513570
Full stack developer,Online Partner AB,"Hägersten, Sweden",https://stackoverflow.com/jobs/339146
Frontend Developer (m/w/d),EWERK Group,"Leipzig, Deutschland",https://stackoverflow.com/jobs/490097
Front-End Developer,Digidentity,"Den Haag, Netherlands",https://stackoverflow.com/jobs/305537
Full Stack Developer (Identity & Authentication),LoginID,"Toronto, ON, Canada",https://stackoverflow.com/jobs/490162
"Lead Polyglot Software Engineers – TDD, XP, JavaScript",Pragmateam,"Sydney, Australia",https://stackoverflow.com/jobs/505273
Senior Web Developer,KPS3,"Reno, NV",https://stackoverflow.com/jobs/508345
Ruby on Rails Developer,Imaginary Cloud,"Lisbon, Portugal",https://stackoverflow.com/jobs/509891
UI Developer (m/w/d),GastroHero GmbH,"Holzwickede, Deutschland",https://stackoverflow.com/jobs/514315
Front End Software Engineer,Buxton,No office location,https://stackoverflow.com/jobs/492568
"Lead Engineer, Data Platform",proton.ai,No office location,https://stackoverflow.com/jobs/503893
Web-Developer (m/w/d),iMi digital GmbH,"Eltville am Rhein, Deutschland",https://stackoverflow.com/jobs/516322
Backend Engineer - Working Student (m/f/d),Motius GmbH,"München, Deutschland",https://stackoverflow.com/jobs/456520
Front-End Developper - Permanent / Full time,Steeple,"Rennes, France",https://stackoverflow.com/jobs/512223
"Senior Frontend Software Engineer -- East Bay, Austin, U.S. Remote",Underline,No office location,https://stackoverflow.com/jobs/423274
(Senior) Web/Mobile Developer (m/w/d),Lotum GmbH,"Frankfurt am Main, Deutschland",https://stackoverflow.com/jobs/372988
Front-End Developer,Smart Energy Lab,"Lisbon, Portugal",https://stackoverflow.com/jobs/513352
Front-End Developer,Digidentity,"Den Haag, Netherlands",https://stackoverflow.com/jobs/305537
Full Stack Developer (Identity & Authentication),LoginID,"Toronto, ON, Canada",https://stackoverflow.com/jobs/490162
"Lead Polyglot Software Engineers – TDD, XP, JavaScript",Pragmateam,"Sydney, Australia",https://stackoverflow.com/jobs/505273
Senior Web Developer,KPS3,"Reno, NV",https://stackoverflow.com/jobs/508345
Tech Lead at EYEfi,EYEfi,"Melbourne, Australia",https://stackoverflow.com/jobs/502827
Ruby on Rails Developer,Imaginary Cloud,"Lisbon, Portugal",https://stackoverflow.com/jobs/509891
DevSecOps Engineer,BrainGu,"Fayetteville, NC",https://stackoverflow.com/jobs/423179
Web-Developer (m/w/d),iMi digital GmbH,"Eltville am Rhein, Deutschland",https://stackoverflow.com/jobs/516322
Backend Engineer - Working Student (m/f/d),Motius GmbH,"München, Deutschland",https://stackoverflow.com/jobs/456520
Softwareentwickler (m/w/d),TraveKom Telekommunikationsgesellschaft mbH,"Lübeck, Deutschland",https://stackoverflow.com/jobs/515963
Frontend Software Entwickler (m/w/d) (React.js) für Brennstoffzellensysteme,SFC Energy AG,"Brunnthal, Germany",https://stackoverflow.com/jobs/503117
"Senior Frontend Software Engineer -- East Bay, Austin, U.S. Remote",Underline,No office location,https://stackoverflow.com/jobs/423274
"Software Engineer, IV",ACV Auctions,"Buffalo, NY",https://stackoverflow.com/jobs/513673
Senior Full-Stack Developer / Engineer (Secure Comms),SaltDNA,"Belfast, UK",https://stackoverflow.com/jobs/467740
Teamleiter / Senior Java Entwickler (m/w),UNIQA Raiffeisen Software Service Kft.,"Budapest, Ungarn",https://stackoverflow.com/jobs/515491
Frontend Engineer,"GridUnity, Inc","Boston, MA",https://stackoverflow.com/jobs/400405
Senior Full Stack Engineer,Audacia Group,No office location,https://stackoverflow.com/jobs/492317
Full Stack Programmer,Springs Charter Schools,"Temecula, CA",https://stackoverflow.com/jobs/458648
Software Engineer,Atomic Robot,"Mason, OH",https://stackoverflow.com/jobs/488052
Sr. Software Engineer - Ruby - Telehealth / Telemedicine,VisuWell,"Nashville, TN",https://stackoverflow.com/jobs/487286
Framtunga utvecklare till Cygni,Cygni,"Stockholm, Sweden",https://stackoverflow.com/jobs/447407
Senior Software Engineer,Higher Logic,No office location,https://stackoverflow.com/jobs/484657
"Web-Developer (m,w,d)",v-Office,No office location,https://stackoverflow.com/jobs/517293
Senior Frontend Engineer (m|w|x) - Product Discovery,idealo internet GmbH,"Berlin, Deutschland",https://stackoverflow.com/jobs/462517
Senior Software Developer/Tech Lead -Innovation team,"JPMorgan Chase Bank, N.A.","Herzliya, Israel",https://stackoverflow.com/jobs/517213
"Lead Engineer, Data Platform",proton.ai,No office location,https://stackoverflow.com/jobs/503893
Java Software Developer,Vattenfall,"Amsterdam, Netherlands",https://stackoverflow.com/jobs/514260
Software Engineer – Cloud Solutions,Emerson Sweden,"Mölnlycke, Sweden",https://stackoverflow.com/jobs/513287
Web-Entwickler/Developer (m/w/d) für den Bereich Schuldigitalisierung,IServ GmbH,"Braunschweig, Deutschland",https://stackoverflow.com/jobs/408160
"Lead Back End Software Engineer, Node / AWS",Verys,"Santa Ana, CA",https://stackoverflow.com/jobs/515600
Software Engineer (Rails & more) - f/m/d,PlaytestCloud,"Berlin, Germany",https://stackoverflow.com/jobs/510868
Senior Full Stack Developer,Creative Mines,"Minneapolis, MN",https://stackoverflow.com/jobs/500268
Senior JavaScript Developer,Särmä Digital Oy,No office location,https://stackoverflow.com/jobs/330722
Senior Fullstack Engineer,App Annie,"Vancouver, BC, Canada",https://stackoverflow.com/jobs/512363
Senior Full Stack Engineer,causaLens,"London, UK",https://stackoverflow.com/jobs/497622
Support Engineer,SDVI,No office location,https://stackoverflow.com/jobs/492303
Frontend Developer,Blackshark.ai GmbH,"Graz, Austria",https://stackoverflow.com/jobs/513198
Software Engineer (Cyber Security),Surevine,No office location,https://stackoverflow.com/jobs/512054
Head of Engineering - Remote,Black Spectacles,"Chicago, IL",https://stackoverflow.com/jobs/488075
Sr. Full Stack Engineer (Seller Insights),eBay,"Tel Aviv-Yafo, Israel",https://stackoverflow.com/jobs/516119
Front-end developer to make digital solutions for social challenges,Innovattic,"Delft, Netherlands",https://stackoverflow.com/jobs/130453
Senior UX Designer/Web-Developer/Senior Web-Designer Frontend (m/w/d),cusati media GmbH,No office location,https://stackoverflow.com/jobs/485576
"Lead Polyglot Software Engineers – TDD, XP, JavaScript",Pragmateam,"Sydney, Australia",https://stackoverflow.com/jobs/505273
Fullstack Developer (m/w/d) remote,best it GmbH & Co. KG,No office location,https://stackoverflow.com/jobs/512059
Senior Software Engineer at Interactive Benefits Communications Platform,The Jellyvision Lab Inc.,No office location,https://stackoverflow.com/jobs/500471
Cloud Softwareentwickler für IOT-Produkte,Paessler AG,"Nürnberg, Deutschland",https://stackoverflow.com/jobs/412301
Senior Frontend Engineer (React + Typescript),Bigblue,"Paris, France",https://stackoverflow.com/jobs/505291
Senior Full Stack Developer,Servian,"Brisbane City, Australia",https://stackoverflow.com/jobs/427870
Software Development Engineer in Test,SDVI,No office location,https://stackoverflow.com/jobs/219487
Senior Frontend Developer (m/w/d),Neofonie,"Berlin, Deutschland",https://stackoverflow.com/jobs/399676
Front End Developer (f/m/d),PAIR Finance GmbH,"Berlin, Deutschland",https://stackoverflow.com/jobs/516415
"Lead Engineer, Data Platform",proton.ai,No office location,https://stackoverflow.com/jobs/503893
Web-Entwickler/Developer (m/w/d) für den Bereich Schuldigitalisierung,IServ GmbH,"Braunschweig, Deutschland",https://stackoverflow.com/jobs/408160
"Senior Fullstack Developer (.NET, JS)",Cunexus,No office location,https://stackoverflow.com/jobs/515375
"Lead Back End Software Engineer, Node / AWS",Verys,"Santa Ana, CA",https://stackoverflow.com/jobs/515600
Senior Full Stack Developer,Creative Mines,"Minneapolis, MN",https://stackoverflow.com/jobs/500268
Software Developer,Lowers Risk Group LLC,No office location,https://stackoverflow.com/jobs/516442
Full Stack Developer Mobile Gaming (m/w/d),Lotum GmbH,"Bad Nauheim, Deutschland",https://stackoverflow.com/jobs/372990
Front End Developer who loves User Experience,O'Reilly Auto Parts,No office location,https://stackoverflow.com/jobs/504552
Software Engineer - SDVI DevOps,SDVI,No office location,https://stackoverflow.com/jobs/451626
Software Entwickler Java (w/m/x),RegioHelden GmbH,"Köln, Deutschland",https://stackoverflow.com/jobs/450821
Frontend Developer,Blackshark.ai GmbH,"Graz, Austria",https://stackoverflow.com/jobs/513198
Sr. JavaScript/Full Stack Engineer,Ocelot,No office location,https://stackoverflow.com/jobs/507633
Software Engineer (Cyber Security),Surevine,No office location,https://stackoverflow.com/jobs/512054
Senior Front End Developer,Trafilea,No office location,https://stackoverflow.com/jobs/501496
Sr. Full Stack Engineer (Seller Insights),eBay,"Tel Aviv-Yafo, Israel",https://stackoverflow.com/jobs/516119
Senior UX Designer/Web-Developer/Senior Web-Designer Frontend (m/w/d),cusati media GmbH,No office location,https://stackoverflow.com/jobs/485576
Senior Software Engineer at Interactive Benefits Communications Platform,The Jellyvision Lab Inc.,No office location,https://stackoverflow.com/jobs/500471
Cloud Softwareentwickler für IOT-Produkte,Paessler AG,"Nürnberg, Deutschland",https://stackoverflow.com/jobs/412301
Javascript Developer (LATAM REMOTE),Arative Technologies,No office location,https://stackoverflow.com/jobs/493275
Software Engineering Lead,"JPMorgan Chase Bank, N.A.","Columbus, OH",https://stackoverflow.com/jobs/511677
Ingénieur validation Software - End to End,Worldline,"Paris, France",https://stackoverflow.com/jobs/503477
Senior Full Stack Developer,Servian,"Brisbane City, Australia",https://stackoverflow.com/jobs/427870
Senior Backend Engineer (Python/Django),Financial Technology Partners,"San Francisco, CA",https://stackoverflow.com/jobs/446918
Senior Web Developer Frontend (w/m/x),Avenga Germany GmbH,No office location,https://stackoverflow.com/jobs/455228
Software Engineer (Cyber Security),Surevine,No office location,https://stackoverflow.com/jobs/512054
Frontend-/ UI-Entwickler (m/w/d) – JavaScript/TypeScript,INFORM - Institut für Operations Research und Management GmbH,"Aachen, Deutschland",https://stackoverflow.com/jobs/500636
Senior Backend Engineer,Unusual Ventures,"Los Angeles, CA",https://stackoverflow.com/jobs/516448
Full Stack Web Developer (m/f/d),QuickBird Studios GmbH,"München, Germany",https://stackoverflow.com/jobs/367236
Teamleiter Softwareentwicklung (m/w/d),Haufe Group,"Freiburg im Breisgau, Germany",https://stackoverflow.com/jobs/473484
Sr. Full Stack Engineer (Seller Insights),eBay,"Tel Aviv-Yafo, Israel",https://stackoverflow.com/jobs/516119
Senior UX Designer/Web-Developer/Senior Web-Designer Frontend (m/w/d),cusati media GmbH,No office location,https://stackoverflow.com/jobs/485576
Cloud Softwareentwickler für IOT-Produkte,Paessler AG,"Nürnberg, Deutschland",https://stackoverflow.com/jobs/412301
Full Stack Developer,TownNews,No office location,https://stackoverflow.com/jobs/509435
Fullstack Developer (f/m/d) (based in Germany),LILLYDOO GmbH,"Frankfurt am Main, Germany",https://stackoverflow.com/jobs/487070
Backend Node.js Developer (LATAM REMOTE),Arative Technologies,No office location,https://stackoverflow.com/jobs/512370
Senior Frontend Engineer,Migros Online - LeShop.ch,"Zürich, Schweiz",https://stackoverflow.com/jobs/502031
Fullstack Developer (m/w/d) remote,best it GmbH & Co. KG,No office location,https://stackoverflow.com/jobs/512059
Senior Full Stack Developer,Servian,"Brisbane City, Australia",https://stackoverflow.com/jobs/427870
Software Engineer,"WorkLLama, LLC","Alpharetta, GA",https://stackoverflow.com/jobs/457859
Software Engineering Manager,ACV Auctions,"Buffalo, NY",https://stackoverflow.com/jobs/517049
"Fler fullstacksutvecklande Cygnianer (JavaScript/Node, C#/.NET eller Java)",Cygni,"Stockholm, Sweden",https://stackoverflow.com/jobs/447405
Senior Fullstack Software Engineer (Java),Zuhlke Engineering Hongkong,Hong Kong,https://stackoverflow.com/jobs/432674
Principal Software Engineer,Pliancy,No office location,https://stackoverflow.com/jobs/516607
Software Engineer .NET,VX Company,"Baarn, Netherlands",https://stackoverflow.com/jobs/377088
Senior Front End Web Developer,Echosec Systems,"Victoria, BC, Canada",https://stackoverflow.com/jobs/491984
Senior Fullstack Developer - Java / Kotlin / Javascript,teckro,"Dublin 2, Ireland",https://stackoverflow.com/jobs/401733
Front-End Developer with Wordpress Expertise,"Duckpin Design, LLC.","Towson, MD",https://stackoverflow.com/jobs/468074
Software Engineer,Atomic Robot,"Mason, OH",https://stackoverflow.com/jobs/488052
Senior Software Engineer C#/.NET/JavaScript,Sinara Consultants Limited,"London, UK",https://stackoverflow.com/jobs/437583
Frontend Developer - Growth Engineering,Soundtrack Your Brand,"Stockholm, Sweden",https://stackoverflow.com/jobs/512048
Senior Full Stack Engineer,causaLens,"London, UK",https://stackoverflow.com/jobs/497622
Frontend Developer (m/w/d),RheinEnergie AG,"Köln, Deutschland",https://stackoverflow.com/jobs/506045
Software Developer,AbCellera,"Vancouver, BC, Canada",https://stackoverflow.com/jobs/508359
Senior Fullstack Engineer,App Annie,"Vancouver, BC, Canada",https://stackoverflow.com/jobs/512363
Software-Developer (m/f/d),TOPdesk,"Kaiserslautern, Deutschland",https://stackoverflow.com/jobs/465952
Head of Engineering - Remote,Black Spectacles,"Chicago, IL",https://stackoverflow.com/jobs/488075
Support Engineer,SDVI,No office location,https://stackoverflow.com/jobs/492303
Software Development Manager (Seller Insights ),eBay,"Tel Aviv-Yafo, Israel",https://stackoverflow.com/jobs/516116
Fullstack Applications Developer,Fresh Technology,No office location,https://stackoverflow.com/jobs/488295
Fullstack Developer / Entwickler (m/w/d),INIT Group,"Karlsruhe, Deutschland",https://stackoverflow.com/jobs/486345
Softwareentwickler (m/w/d) PHP,Hess Natur-Textilien GmbH & Co. KG,"Butzbach, Deutschland",https://stackoverflow.com/jobs/499949
"Quality Engineer, II",ACV Auctions,"Buffalo, NY",https://stackoverflow.com/jobs/516956
Software Engineer - Frontend,adidas Zaragoza Tech Hub,"Zaragoza, Spain",https://stackoverflow.com/jobs/500197
Frontend Software Entwickler (m/w/d) (React.js) für Brennstoffzellensysteme,SFC Energy AG,"Brunnthal, Germany",https://stackoverflow.com/jobs/503117
Machine Learning Researcher,Blackshark.ai GmbH,"Graz, Austria",https://stackoverflow.com/jobs/474473
Softwareentwickler (m/w/d),TraveKom Telekommunikationsgesellschaft mbH,"Lübeck, Deutschland",https://stackoverflow.com/jobs/515963
Fullstack Developer (m/w/d),best it GmbH & Co. KG,"Amstetten, Österreich",https://stackoverflow.com/jobs/512061
Developer - Web UI,Agrian Inc.,"Clovis, CA",https://stackoverflow.com/jobs/451025
Sr. Software Engineer - Ruby - Telehealth / Telemedicine,VisuWell,"Nashville, TN",https://stackoverflow.com/jobs/487286
Full Stack Software Developer (Web/Mobile),SQUIDviaHays PLC,No office location,https://stackoverflow.com/jobs/516047
Senior Frontend Developer (f/m/d),1&1 Mail & Media Applications SE - WEB.DE | GMX | 1&1 | mail.com,"Karlsruhe, Deutschland",https://stackoverflow.com/jobs/506390
Senior Backend Developer,Quant,"London, UK",https://stackoverflow.com/jobs/499611
Mid - Senior ATM Java Software Engineer,"JPMorgan Chase Bank, N.A.","Westerville, OH",https://stackoverflow.com/jobs/514881
Software Engineer,"WorkLLama, LLC","Alpharetta, GA",https://stackoverflow.com/jobs/457859
Front-End Developer with Wordpress Expertise,"Duckpin Design, LLC.","Towson, MD",https://stackoverflow.com/jobs/468074
Lead Software Developer (m/f/d),Cluno GmbH,"München, Deutschland",https://stackoverflow.com/jobs/494237
"Fler fullstacksutvecklande Cygnianer (JavaScript/Node, C#/.NET eller Java)",Cygni,"Stockholm, Sweden",https://stackoverflow.com/jobs/447405
Senior Frontend Software Engineer (Europe),Circle,No office location,https://stackoverflow.com/jobs/496058
JavaScript Developer,Kinsta,No office location,https://stackoverflow.com/jobs/491943
Senior Frontend Software Engineer (United States and Canada),Circle,No office location,https://stackoverflow.com/jobs/496056
Fullstack Developer (m/w/d),best it GmbH & Co. KG,"Berlin, Deutschland",https://stackoverflow.com/jobs/368833
Full Stack Software Engineer,F-Secure,"London, UK",https://stackoverflow.com/jobs/514490
Frontend Developer (m/w/d),Geutebrück GmbH,"Bonn, Deutschland",https://stackoverflow.com/jobs/492924
Front-end Developer,Brainomix,"Oxford, UK",https://stackoverflow.com/jobs/516349
Senior Web Developer JavaScript (m/f/d) (based in Germany),ONE LOGIC GmbH,No office location,https://stackoverflow.com/jobs/517360
Experienced Fullstack Web Engineer,Scoville,"Shibuya City, Japan",https://stackoverflow.com/jobs/513039
Senior Software Architekt (m/w/d) mit Option auf stellv. Teamleitung,Meierhofer AG,"Berlin, Deutschland",https://stackoverflow.com/jobs/465084
Frontend- / UX/UI-Developer (m/w/d),Just Spices GmbH,"Düsseldorf, Deutschland",https://stackoverflow.com/jobs/428547
Développeur Front-End Web & Mobile,Institut du Cerveau – ICM,"Paris, France",https://stackoverflow.com/jobs/509881
Frontend Engineer - Javascript,trivago N.V.,"Düsseldorf, Germany",https://stackoverflow.com/jobs/498115
Experienced Java Developer with a lot of freedom in your work,TOPdesk,"Budapest, Hungary",https://stackoverflow.com/jobs/460593
Frontend Developer,Squla,"Amsterdam, Netherlands",https://stackoverflow.com/jobs/454638
Senior Software Engineer C#/.NET/JavaScript,Sinara Consultants Limited,"London, UK",https://stackoverflow.com/jobs/437583
Fullstack Web Developer,Mirego,"Québec, QC, Canada",https://stackoverflow.com/jobs/513028
Senior Full Stack Engineer,"UrbanFootprint, Inc.","Berkeley, CA",https://stackoverflow.com/jobs/486612
Senior Frontend Engineer,Unusual Ventures,"Los Angeles, CA",https://stackoverflow.com/jobs/516450
ARCHITECTE SI (F/H),Octo Technology,"Paris, France",https://stackoverflow.com/jobs/445451
Machine Learning Researcher,Blackshark.ai GmbH,"Graz, Austria",https://stackoverflow.com/jobs/474473
Senior Full Stack Developer - Remote,Insider,No office location,https://stackoverflow.com/jobs/456301
Senior Backend Engineer,Unusual Ventures,"Los Angeles, CA",https://stackoverflow.com/jobs/516448
Senior Front-end / JS Developer (Remote),iubenda,"Milan, Italy",https://stackoverflow.com/jobs/513766
Senior WebXR Games Engineer,NWR CORP,No office location,https://stackoverflow.com/jobs/454917
React Frontend Developer,Nacelle,No office location,https://stackoverflow.com/jobs/494576
Teamleiter Softwareentwicklung (m/w/d),Haufe Group,"Freiburg im Breisgau, Germany",https://stackoverflow.com/jobs/473484
Senior Frontend Software Engineer (Europe),Circle,No office location,https://stackoverflow.com/jobs/496058
Full Stack Engineer,Beatrust Inc.,"Minato City, Japan",https://stackoverflow.com/jobs/429319
Full Stack Developer (m/w/d),Haufe Group,"Freiburg im Breisgau, Germany",https://stackoverflow.com/jobs/455781
Full Stack Software Engineer,F-Secure,"London, UK",https://stackoverflow.com/jobs/514490
Fullstack Developer (m/w/d),best it GmbH & Co. KG,"Berlin, Deutschland",https://stackoverflow.com/jobs/368833
Mobile Developer,EYEfi,"Melbourne, Australia",https://stackoverflow.com/jobs/516653
Senior Backend Developer,Quant,"London, UK",https://stackoverflow.com/jobs/499611
React Web Developer,Carbonara,No office location,https://stackoverflow.com/jobs/510708
Experienced Fullstack Web Engineer,Scoville,"Shibuya City, Japan",https://stackoverflow.com/jobs/513039
Lead Software Engineer - Game Optimization Platform,Voodoo.io,"Paris, France",https://stackoverflow.com/jobs/410368
Développeur Front-End Web & Mobile,Institut du Cerveau – ICM,"Paris, France",https://stackoverflow.com/jobs/509881
Ingénieur Automatisation Validation Software,Worldline,"Paris, France",https://stackoverflow.com/jobs/503474
Software Engineer .NET,VX Company,"Baarn, Netherlands",https://stackoverflow.com/jobs/377088
Frontend Developer,Squla,"Amsterdam, Netherlands",https://stackoverflow.com/jobs/454638
Windows software developer in audiology,HörTech gGmbH,"Oldenburg, Deutschland",https://stackoverflow.com/jobs/491902
Mid - Senior ATM Java Software Engineer,"JPMorgan Chase Bank, N.A.","Westerville, OH",https://stackoverflow.com/jobs/514881
Pre Sales Solutions Engineer,Soul Machines Limited,"San Francisco, CA",https://stackoverflow.com/jobs/503600
Ruby on Rails Team Lead,CivicPlus/Icon Enterprises/the hidden job,"New Haven, CT",https://stackoverflow.com/jobs/497331
Senior Full Stack Software Engineer,Samotics,"Leiden, Netherlands",https://stackoverflow.com/jobs/516831
Windows software developer in audiology,HörTech gGmbH,"Oldenburg, Deutschland",https://stackoverflow.com/jobs/491902
Full Stack Technical Lead,SSENSE,No office location,https://stackoverflow.com/jobs/516394
Front-end Developer,Triple,"Alkmaar, Netherlands",https://stackoverflow.com/jobs/407700
Pre Sales Solutions Engineer,Soul Machines Limited,"San Francisco, CA",https://stackoverflow.com/jobs/503600
Frontend Software Engineer (React),Idelic Inc,"Pittsburgh, PA",https://stackoverflow.com/jobs/493257
Remote Ruby on Rails Developer (US or Canada),BiTE interactive,No office location,https://stackoverflow.com/jobs/433137
Senior UX Engineer,Think Company,No office location,https://stackoverflow.com/jobs/517495
"Frontendutvecklare med fullstack-kunskaper, ICA Försäkring",ICA Gruppen,"Solna, Sweden",https://stackoverflow.com/jobs/460642
Senior Backend and Infrastructure Engineer,Plotly Technologies Inc,No office location,https://stackoverflow.com/jobs/512347
Senior Full Stack Developer - Remote,Insider,No office location,https://stackoverflow.com/jobs/456301
Java Fullstack Entwickler (m/w/d) - Weinheim & remote,objective partner AG,"Weinheim, Deutschland",https://stackoverflow.com/jobs/496584
Senior Drupal Developer,Access,"Manchester, UK",https://stackoverflow.com/jobs/445396
Senior WebXR Games Engineer,NWR CORP,No office location,https://stackoverflow.com/jobs/454917
Full Stack Developer (Node.js),Grand Parade,"Kraków, Poland",https://stackoverflow.com/jobs/466419
"Senior Software Developer, Web Frontend",Feed Media Inc,No office location,https://stackoverflow.com/jobs/510886
Ingénieur Automatisation Validation Software,Worldline,"Paris, France",https://stackoverflow.com/jobs/503474
1x Software Architect/Lead (Cloud) & 1x Senior DevOps Engineer,Solar And Storage Modelling Pty Ltd (Solcast),"Leichhardt, Australia",https://stackoverflow.com/jobs/434165
.NET Core Developer,Bilbayt,No office location,https://stackoverflow.com/jobs/492507
Backend Developer,Quant,"London, UK",https://stackoverflow.com/jobs/499172
Ruby on Rails Team Lead,CivicPlus/Icon Enterprises/the hidden job,"New Haven, CT",https://stackoverflow.com/jobs/497331
"Senior Software Engineer, Front-end Focused",Radix DLT,No office location,https://stackoverflow.com/jobs/465700
Angular/Ruby on Rails Developer (US or Canada),BiTE interactive,No office location,https://stackoverflow.com/jobs/481735
Full-Stack Web Developer,Seagull Scientific,"Bellevue, WA",https://stackoverflow.com/jobs/516112
Senior Quality Engineer & Quality Engineer-Remote (Level based on experience),Ultranauts Inc,No office location,https://stackoverflow.com/jobs/514642
Senior Frontend Architect,Locus.sh,"Bengaluru, India",https://stackoverflow.com/jobs/450862
"Frontendutvecklare med fullstack-kunskaper, ICA Försäkring",ICA Gruppen,"Solna, Sweden",https://stackoverflow.com/jobs/460642
Senior Drupal Developer,Access,"Manchester, UK",https://stackoverflow.com/jobs/445396
.NET Core Developer,Bilbayt,No office location,https://stackoverflow.com/jobs/492507
Front-End Developer,Cloudwise B.V.,"Woerden, Netherlands",https://stackoverflow.com/jobs/459598
Full-Stack Web Developer,Seagull Scientific,"Bellevue, WA",https://stackoverflow.com/jobs/516112
1x Software Architect/Lead (Cloud) & 1x Senior DevOps Engineer,Solar And Storage Modelling Pty Ltd (Solcast),"Leichhardt, Australia",https://stackoverflow.com/jobs/434165
"Senior Software Engineer, Front-end Focused",Radix DLT,No office location,https://stackoverflow.com/jobs/465700
LMAX Software Developer (Core Java),LMAX Group,"London, UK",https://stackoverflow.com/jobs/181651
Frontend Developer (Associate) - Consumer Industry Cloud,SAP,"Pudong, China",https://stackoverflow.com/jobs/494223
Senior Backend Engineer - Location Flexible,"Volusion, LLC",No office location,https://stackoverflow.com/jobs/443231
Senior Frontend Developer,Envoy Media Group,"Simi Valley, CA",https://stackoverflow.com/jobs/510879
Senior Tech Engineer (Front-end),Voodoo.io,"Paris, France",https://stackoverflow.com/jobs/430364
Front End Engineer (React Native) - Remote,Modus Create,No office location,https://stackoverflow.com/jobs/517391
Lead Developer,Ontario Digital Service,"Toronto, ON, Canada",https://stackoverflow.com/jobs/517502
Senior Software Engineer - Back End,Keap,No office location,https://stackoverflow.com/jobs/488085
Full Stack Developer - contribute to an ambitious open science project,European Bioinformatics Institute (EMBL-EBI),"Hinxton, UK",https://stackoverflow.com/jobs/515009
Hackers wanted - UI/UX Engineer (m/f/d),freiheit.com technologies,"Hamburg, Deutschland",https://stackoverflow.com/jobs/91520
"Back End Engineer - (Node, Typescript, AWS) - 100% remote LATAM",Modus Create,No office location,https://stackoverflow.com/jobs/514435
Senior Fullstack Developer (Core Platform Services),Smartly.io,"Helsinki, Finland",https://stackoverflow.com/jobs/465571
Senior Platform Services Software Engineer (United States and Canada),Circle,No office location,https://stackoverflow.com/jobs/496060
Frontend Developer - Consumer Industry Cloud,SAP,"Pudong, China",https://stackoverflow.com/jobs/494224
Shopify Technical Lead,"Trellis, Inc.",No office location,https://stackoverflow.com/jobs/510869
"QA (manual, automated) and Release Process/Management",Dorsata,No office location,https://stackoverflow.com/jobs/314986
Senior PHP Developer,Defiant Inc,No office location,https://stackoverflow.com/jobs/500281
Senior PHP Developer,Defiant Inc,No office location,https://stackoverflow.com/jobs/500281
Shopify Technical Lead,"Trellis, Inc.",No office location,https://stackoverflow.com/jobs/510869
"Frontend Engineer, Web",Aaqua,Singapore,https://stackoverflow.com/jobs/493601
Senior Platform Services Software Engineer (United States and Canada),Circle,No office location,https://stackoverflow.com/jobs/496060
Shopify Assistant Technical Lead,"Trellis, Inc.",No office location,https://stackoverflow.com/jobs/499882
Senior Platform Services Software Engineer (Europe),Circle,No office location,https://stackoverflow.com/jobs/496059
フロントエンドエンジニア,HENNGE K.K.,"Tokyo, Japan",https://stackoverflow.com/jobs/381284
Senior Front-end Developer for Ankara Office,Insider,"Ankara, Turkey",https://stackoverflow.com/jobs/516377
Frontend Developer to build the leading Platform for ML,Hugging Face,"Paris, France",https://stackoverflow.com/jobs/448344
Software Developer / Product Owner,Knowit,"Gothenburg, Sweden",https://stackoverflow.com/jobs/473444
Software Developer (remote or onsite),Aptera Software,"Fort Wayne, IN",https://stackoverflow.com/jobs/455016
"Manager, Software Engineering (United States and Canada)",Circle,No office location,https://stackoverflow.com/jobs/496048
React Developer,Addison Group,"Herndon, VA",https://stackoverflow.com/jobs/513387
Software Engineer,WiseTech Global Ltd.,"Sydney, Australia",https://stackoverflow.com/jobs/496278
Software Engineer - UI (Remote),Favorite Medium,"Fukuoka, Japan",https://stackoverflow.com/jobs/486210
DevOps Engineer,Harlem Next,"Haarlem, Netherlands",https://stackoverflow.com/jobs/423490
Java Fullstack Developer (m/w/d),"Progressive RecruitmentviaProgressive, ein Geschäftszweig der SThree GmbH","Munich, Germany",https://stackoverflow.com/jobs/507271
"Manager, Software Engineering (Europe)",Circle,No office location,https://stackoverflow.com/jobs/496049
Senior Full Stack Engineer (Remote OR NYC),Noom,"New York, NY",https://stackoverflow.com/jobs/283522
Senior React Developer,AppEvolve,No office location,https://stackoverflow.com/jobs/249608
Ruby on Rails Developer (f/m/div) in FinTech,PAIR Finance GmbH,"Berlin, Deutschland",https://stackoverflow.com/jobs/424974
Senior Frontend Developer,Aluna,"San Francisco, CA",https://stackoverflow.com/jobs/512389
TECH LEAD (F/H),Octo Technology,"Paris, France",https://stackoverflow.com/jobs/445447
Software Engineer - Full Stack (Mid-Senior),Olo,No office location,https://stackoverflow.com/jobs/448572
